{
  "project_info": {
    "project_number": "623669063408",
    "firebase_url": "https://proposal-c4a05-default-rtdb.firebaseio.com",
    "project_id": "proposal-c4a05",
    "storage_bucket": "proposal-c4a05.appspot.com"
  },
  "client": [
    {
      "client_info": {
        "mobilesdk_app_id": "1:623669063408:android:1868ad188d490eb3fa5c35",
        "android_client_info": {
          "package_name": "com.caluli.proposalapp"
        }
      },
      "oauth_client": [
        {
          "client_id": "623669063408-sgpgnf1iapeolpehrpmcghdpb5bn4o7m.apps.googleusercontent.com",
          "client_type": 3
        }
      ],
      "api_key": [
        {
          "current_key": "AIzaSyB5pt5XuoZkXPwE2_GbWKjNHX58UKmMEhU"
        }
      ],
      "services": {
        "appinvite_service": {
          "other_platform_oauth_client": [
            {
              "client_id": "623669063408-sgpgnf1iapeolpehrpmcghdpb5bn4o7m.apps.googleusercontent.com",
              "client_type": 3
            }
          ]
        }
      }
    }
  ],
  "configuration_version": "1"
}